action,ratio
send_actionable,0.2891002415458937
send_informational_only,0.4388586956521739
verify_first,0.11201690821256038
defer,0.06914251207729469
reject,0.0908816425120773
