event_count,fce_share,progress_share,role,waste_share
414.0,0.2140759019598751,0.23841238591202243,planner,0.0
414.0,0.41310141413078005,0.4246034991419532,executor,0.0
414.0,0.0148567605773931,0.02469718021828503,verifier,0.0
414.0,0.3579659233319517,0.3122869347277393,network_controller,1.0
